learner,behaviour,start,end
S01,Planning,09:00:12,09:02:02
S01,Planning,09:02:48,09:04:13
S01,Monitoring,09:04:13,09:04:59
S01,Planning,09:05:52,09:06:54
S01,Monitoring,09:07:17,09:07:58
S01,Planning,09:07:58,09:10:06
S01,Monitoring,09:10:06,09:11:13
S01,Planning,09:11:52,09:14:26
S01,Debugging,09:14:26,09:18:13
S01,Monitoring,09:18:13,09:19:04
S01,Debugging,09:19:08,09:22:13
S01,Debugging,09:22:40,09:24:20
S01,Planning,09:24:20,09:26:07
S01,Debugging,09:26:07,09:28:39
S01,Monitoring,09:28:57,09:29:41
S01,Debugging,09:30:05,09:32:22
S01,Monitoring,09:32:22,09:33:42
S01,Debugging,09:34:18,09:36:02
S01,Debugging,09:36:02,09:38:08
S01,Planning,09:38:46,09:40:46
S01,Help seeking,09:40:46,09:41:28
S01,Monitoring,09:41:28,09:42:53
S01,Debugging,09:42:53,09:45:22
S01,Monitoring,09:46:08,09:46:57
S01,Evaluation,09:47:47,09:49:51
S01,Evaluation,09:50:19,09:51:39
S01,Monitoring,09:52:17,09:53:39
S01,Evaluation,09:53:39,09:54:57
S01,Planning,09:55:43,09:57:50
S01,Evaluation,09:58:28,09:59:59
S02,Planning,09:00:35,09:02:47
S02,Planning,09:02:47,09:04:26
S02,Monitoring,09:04:26,09:05:16
S02,Monitoring,09:05:16,09:06:36
S02,Planning,09:06:36,09:08:37
S02,Monitoring,09:09:21,09:09:57
S02,Planning,09:09:57,09:11:13
S02,Monitoring,09:11:13,09:12:47
S02,Planning,09:13:25,09:16:07
S02,Debugging,09:16:07,09:19:52
S02,Monitoring,09:20:28,09:21:51
S02,Planning,09:22:33,09:25:07
S02,Debugging,09:25:16,09:28:51
S02,Debugging,09:28:51,09:32:16
S02,Debugging,09:32:57,09:35:42
S02,Help seeking,09:35:42,09:36:30
S02,Help seeking,09:36:30,09:37:49
S02,Debugging,09:37:49,09:41:25
S02,Help seeking,09:41:25,09:43:07
S02,Help seeking,09:43:20,09:44:22
S02,Monitoring,09:44:53,09:46:19
S02,Debugging,09:46:19,09:49:13
S02,Monitoring,09:49:50,09:51:25
S02,Evaluation,09:52:01,09:54:04
S02,Monitoring,09:54:04,09:54:37
S02,Evaluation,09:55:10,09:56:45
S02,Monitoring,09:56:45,09:57:39
S02,Debugging,09:57:47,10:00:00
S03,Planning,09:00:10,09:03:07
S03,Planning,09:03:07,09:04:33
S03,Help seeking,09:04:33,09:05:31
S03,Planning,09:05:31,09:08:08
S03,Planning,09:08:08,09:10:04
S03,Debugging,09:10:28,09:13:14
S03,Evaluation,09:13:16,09:15:27
S03,Debugging,09:16:04,09:18:18
S03,Monitoring,09:18:21,09:19:10
S03,Debugging,09:19:10,09:22:09
S03,Planning,09:22:37,09:25:09
S03,Debugging,09:25:09,09:26:42
S03,Debugging,09:26:42,09:30:10
S03,Debugging,09:30:44,09:33:09
S03,Planning,09:33:09,09:35:16
S03,Debugging,09:35:54,09:38:56
S03,Help seeking,09:39:00,09:40:47
S03,Debugging,09:41:29,09:43:52
S03,Monitoring,09:44:41,09:45:42
S03,Evaluation,09:46:26,09:48:51
S03,Monitoring,09:49:03,09:49:46
S03,Evaluation,09:49:46,09:52:05
S03,Monitoring,09:52:34,09:54:01
S03,Evaluation,09:54:49,09:56:53
S03,Evaluation,09:57:25,10:00:00
S04,Planning,09:00:06,09:02:16
S04,Planning,09:02:16,09:04:45
S04,Debugging,09:04:50,09:09:12
S04,Planning,09:09:48,09:11:49
S04,Monitoring,09:12:16,09:13:30
S04,Debugging,09:13:30,09:15:16
S04,Planning,09:15:24,09:17:47
S04,Debugging,09:18:09,09:19:52
S04,Debugging,09:19:52,09:23:41
S04,Debugging,09:23:41,09:25:30
S04,Debugging,09:25:54,09:29:11
S04,Debugging,09:29:11,09:32:47
S04,Debugging,09:32:56,09:34:35
S04,Help seeking,09:34:35,09:35:53
S04,Monitoring,09:35:53,09:36:57
S04,Debugging,09:37:09,09:40:03
S04,Debugging,09:40:39,09:42:55
S04,Planning,09:42:55,09:45:10
S04,Debugging,09:45:41,09:47:29
S04,Debugging,09:47:32,09:50:59
S04,Monitoring,09:50:59,09:52:29
S04,Evaluation,09:53:08,09:55:10
S04,Monitoring,09:55:43,09:57:12
S04,Evaluation,09:57:49,09:59:54
S05,Planning,09:00:11,09:01:49
S05,Debugging,09:01:49,09:05:15
S05,Monitoring,09:05:24,09:06:56
S05,Planning,09:07:41,09:10:33
S05,Help seeking,09:11:15,09:12:59
S05,Planning,09:13:46,09:15:55
S05,Monitoring,09:15:55,09:16:50
S05,Debugging,09:17:36,09:19:59
S05,Monitoring,09:20:19,09:20:49
S05,Planning,09:20:49,09:22:28
S05,Debugging,09:23:14,09:26:32
S05,Planning,09:26:32,09:29:08
S05,Debugging,09:29:17,09:33:12
S05,Planning,09:33:34,09:36:31
S05,Help seeking,09:36:42,09:37:55
S05,Monitoring,09:38:40,09:39:13
S05,Debugging,09:39:25,09:42:43
S05,Evaluation,09:43:36,09:45:15
S05,Monitoring,09:45:15,09:46:37
S05,Evaluation,09:46:37,09:48:08
S05,Evaluation,09:48:08,09:49:23
S05,Evaluation,09:49:57,09:52:14
S05,Planning,09:52:14,09:54:34
S05,Monitoring,09:54:34,09:56:08
S05,Debugging,09:56:08,09:59:13
S06,Planning,09:00:42,09:01:45
S06,Debugging,09:01:59,09:03:54
S06,Planning,09:03:54,09:05:09
S06,Monitoring,09:05:35,09:06:57
S06,Planning,09:07:42,09:09:23
S06,Monitoring,09:09:23,09:10:34
S06,Monitoring,09:10:34,09:11:15
S06,Help seeking,09:11:15,09:12:57
S06,Planning,09:13:20,09:14:41
S06,Monitoring,09:14:53,09:16:17
S06,Debugging,09:17:05,09:19:29
S06,Monitoring,09:19:29,09:21:03
S06,Debugging,09:21:03,09:24:32
S06,Planning,09:24:44,09:26:12
S06,Debugging,09:26:12,09:29:30
S06,Monitoring,09:29:30,09:31:00
S06,Debugging,09:31:13,09:34:54
S06,Planning,09:35:30,09:37:28
S06,Help seeking,09:37:40,09:38:23
S06,Debugging,09:39:09,09:41:42
S06,Help seeking,09:41:54,09:42:36
S06,Monitoring,09:42:58,09:43:42
S06,Debugging,09:43:58,09:48:01
S06,Evaluation,09:48:01,09:50:31
S06,Monitoring,09:50:31,09:51:12
S06,Planning,09:51:12,09:53:35
S06,Debugging,09:53:35,09:56:38
S06,Evaluation,09:56:38,09:58:20
S06,Monitoring,09:58:43,09:59:19
S07,Planning,09:00:08,09:01:30
S07,Planning,09:01:51,09:03:58
S07,Planning,09:03:58,09:06:37
S07,Planning,09:06:37,09:07:40
S07,Debugging,09:08:09,09:12:28
S07,Monitoring,09:13:14,09:13:50
S07,Debugging,09:14:13,09:17:31
S07,Monitoring,09:17:31,09:18:20
S07,Debugging,09:18:20,09:22:29
S07,Help seeking,09:22:30,09:23:37
S07,Monitoring,09:24:03,09:25:24
S07,Debugging,09:25:44,09:27:40
S07,Debugging,09:27:43,09:31:58
S07,Monitoring,09:31:58,09:32:59
S07,Monitoring,09:33:44,09:34:46
S07,Help seeking,09:34:46,09:36:33
S07,Debugging,09:36:47,09:39:18
S07,Help seeking,09:39:49,09:41:22
S07,Debugging,09:41:22,09:43:01
S07,Help seeking,09:43:01,09:44:46
S07,Debugging,09:45:13,09:48:31
S07,Planning,09:48:31,09:50:39
S07,Monitoring,09:50:39,09:51:59
S07,Evaluation,09:51:59,09:53:29
S07,Monitoring,09:53:45,09:54:50
S07,Evaluation,09:55:24,09:56:26
S07,Monitoring,09:56:26,09:57:41
S07,Planning,09:58:19,09:59:43
S08,Planning,09:00:35,09:03:05
S08,Monitoring,09:03:05,09:04:27
S08,Evaluation,09:04:37,09:06:22
S08,Monitoring,09:06:50,09:07:40
S08,Planning,09:08:09,09:11:02
S08,Monitoring,09:11:02,09:11:48
S08,Planning,09:11:48,09:13:11
S08,Evaluation,09:13:47,09:15:22
S08,Planning,09:15:35,09:17:26
S08,Monitoring,09:17:26,09:18:04
S08,Planning,09:18:55,09:21:24
S08,Debugging,09:22:10,09:24:27
S08,Debugging,09:24:27,09:28:17
S08,Monitoring,09:28:30,09:29:17
S08,Debugging,09:29:17,09:31:34
S08,Debugging,09:32:06,09:34:00
S08,Monitoring,09:34:00,09:35:17
S08,Debugging,09:36:05,09:39:40
S08,Help seeking,09:39:40,09:40:48
S08,Monitoring,09:40:48,09:42:08
S08,Debugging,09:42:48,09:46:05
S08,Monitoring,09:46:05,09:46:43
S08,Debugging,09:46:43,09:48:33
S08,Evaluation,09:48:33,09:50:51
S08,Debugging,09:50:51,09:53:44
S08,Evaluation,09:53:44,09:56:02
S08,Monitoring,09:56:18,09:57:25
S08,Help seeking,09:57:25,09:59:06
S09,Planning,09:00:02,09:02:13
S09,Planning,09:02:13,09:03:14
S09,Monitoring,09:03:14,09:03:54
S09,Planning,09:04:07,09:05:40
S09,Monitoring,09:05:40,09:07:14
S09,Evaluation,09:07:20,09:10:17
S09,Monitoring,09:10:53,09:11:57
S09,Debugging,09:12:07,09:16:28
S09,Debugging,09:17:10,09:18:58
S09,Monitoring,09:19:35,09:20:50
S09,Debugging,09:21:08,09:23:53
S09,Debugging,09:23:53,09:27:49
S09,Debugging,09:28:16,09:31:20
S09,Debugging,09:31:20,09:33:25
S09,Help seeking,09:33:30,09:34:59
S09,Monitoring,09:35:34,09:37:10
S09,Debugging,09:37:26,09:41:54
S09,Help seeking,09:42:01,09:42:49
S09,Debugging,09:43:05,09:45:05
S09,Monitoring,09:45:11,09:46:13
S09,Debugging,09:46:59,09:48:36
S09,Monitoring,09:48:36,09:50:05
S09,Debugging,09:50:54,09:53:39
S09,Evaluation,09:54:15,09:56:54
S09,Planning,09:57:18,09:58:38
S10,Planning,09:00:32,09:03:23
S10,Planning,09:04:13,09:06:21
S10,Debugging,09:06:21,09:10:06
S10,Evaluation,09:10:43,09:11:48
S10,Planning,09:12:36,09:13:52
S10,Evaluation,09:13:52,09:15:27
S10,Planning,09:15:27,09:17:07
S10,Debugging,09:17:36,09:20:40
S10,Planning,09:21:13,09:24:01
S10,Debugging,09:24:36,09:28:15
S10,Planning,09:28:15,09:30:14
S10,Help seeking,09:30:14,09:31:31
S10,Debugging,09:31:50,09:35:11
S10,Debugging,09:35:44,09:37:26
S10,Help seeking,09:37:59,09:39:37
S10,Debugging,09:40:09,09:43:10
S10,Monitoring,09:43:10,09:43:58
S10,Planning,09:43:58,09:46:16
S10,Planning,09:46:16,09:47:34
S10,Monitoring,09:47:34,09:48:07
S10,Evaluation,09:48:07,09:50:40
S10,Planning,09:50:40,09:53:17
S10,Debugging,09:53:17,09:56:49
S10,Evaluation,09:56:49,09:58:28
S10,Planning,09:58:57,10:00:00
S11,Planning,09:00:06,09:01:50
S11,Planning,09:01:50,09:02:59
S11,Help seeking,09:03:33,09:04:46
S11,Monitoring,09:04:46,09:06:06
S11,Planning,09:06:06,09:07:53
S11,Monitoring,09:08:24,09:09:58
S11,Debugging,09:09:58,09:11:48
S11,Planning,09:12:20,09:14:01
S11,Evaluation,09:14:17,09:17:13
S11,Debugging,09:17:39,09:21:46
S11,Monitoring,09:22:28,09:23:38
S11,Evaluation,09:23:38,09:25:11
S11,Monitoring,09:25:53,09:26:44
S11,Monitoring,09:26:44,09:27:41
S11,Debugging,09:27:57,09:32:06
S11,Monitoring,09:32:06,09:33:34
S11,Debugging,09:33:34,09:35:48
S11,Help seeking,09:36:30,09:37:54
S11,Debugging,09:37:54,09:40:22
S11,Monitoring,09:40:47,09:41:47
S11,Help seeking,09:42:01,09:42:53
S11,Monitoring,09:43:24,09:43:57
S11,Debugging,09:44:49,09:47:29
S11,Evaluation,09:47:50,09:48:56
S11,Monitoring,09:48:56,09:49:46
S11,Evaluation,09:50:19,09:53:02
S11,Monitoring,09:53:51,09:54:53
S11,Evaluation,09:55:13,09:56:21
S11,Evaluation,09:56:37,09:58:59
S11,Monitoring,09:58:59,09:59:32
S12,Planning,09:00:00,09:01:39
S12,Debugging,09:01:39,09:05:06
S12,Planning,09:05:06,09:07:10
S12,Monitoring,09:07:31,09:08:44
S12,Planning,09:09:29,09:12:24
S12,Planning,09:12:47,09:14:55
S12,Monitoring,09:14:55,09:16:11
S12,Planning,09:16:11,09:18:05
S12,Debugging,09:18:49,09:21:12
S12,Monitoring,09:21:55,09:22:51
S12,Monitoring,09:22:55,09:24:09
S12,Debugging,09:24:09,09:25:46
S12,Debugging,09:25:46,09:29:52
S12,Help seeking,09:30:14,09:31:27
S12,Debugging,09:31:27,09:33:51
S12,Monitoring,09:33:51,09:35:26
S12,Help seeking,09:35:28,09:37:11
S12,Monitoring,09:37:56,09:39:07
S12,Monitoring,09:39:07,09:40:39
S12,Help seeking,09:40:39,09:41:59
S12,Debugging,09:42:41,09:45:51
S12,Evaluation,09:46:04,09:48:08
S12,Planning,09:48:08,09:50:02
S12,Monitoring,09:50:11,09:50:52
S12,Debugging,09:51:09,09:55:21
S12,Evaluation,09:55:21,09:58:16
S13,Planning,09:00:17,09:02:40
S13,Planning,09:02:40,09:04:34
S13,Planning,09:04:50,09:06:44
S13,Debugging,09:06:44,09:08:16
S13,Planning,09:09:00,09:10:11
S13,Planning,09:10:11,09:11:39
S13,Planning,09:11:44,09:13:22
S13,Evaluation,09:13:22,09:16:03
S13,Debugging,09:16:03,09:18:08
S13,Evaluation,09:18:48,09:20:09
S13,Debugging,09:20:09,09:22:26
S13,Monitoring,09:22:26,09:23:04
S13,Debugging,09:23:27,09:26:02
S13,Debugging,09:26:28,09:29:13
S13,Planning,09:29:51,09:31:19
S13,Monitoring,09:32:04,09:32:38
S13,Evaluation,09:32:38,09:34:46
S13,Debugging,09:34:46,09:37:34
S13,Monitoring,09:37:34,09:38:33
S13,Debugging,09:38:33,09:40:40
S13,Planning,09:40:51,09:43:29
S13,Debugging,09:43:29,09:47:08
S13,Monitoring,09:47:39,09:48:12
S13,Debugging,09:48:12,09:52:18
S13,Evaluation,09:52:18,09:53:38
S13,Evaluation,09:53:38,09:55:11
S13,Evaluation,09:55:17,09:58:03
S13,Evaluation,09:58:03,10:00:00
S14,Planning,09:00:00,09:01:13
S14,Planning,09:01:30,09:02:44
S14,Evaluation,09:02:44,09:05:13
S14,Planning,09:06:00,09:08:12
S14,Monitoring,09:08:21,09:09:27
S14,Debugging,09:09:27,09:12:07
S14,Monitoring,09:12:44,09:13:47
S14,Planning,09:14:07,09:15:57
S14,Debugging,09:15:57,09:17:46
S14,Debugging,09:17:46,09:19:20
S14,Debugging,09:19:51,09:22:37
S14,Monitoring,09:23:23,09:24:59
S14,Debugging,09:24:59,09:26:32
S14,Monitoring,09:27:22,09:28:12
S14,Debugging,09:28:57,09:32:04
S14,Monitoring,09:32:57,09:33:55
S14,Debugging,09:33:55,09:36:36
S14,Monitoring,09:37:04,09:38:33
S14,Help seeking,09:38:40,09:39:41
S14,Debugging,09:40:15,09:43:12
S14,Monitoring,09:43:44,09:44:43
S14,Monitoring,09:44:43,09:45:21
S14,Planning,09:46:14,09:47:46
S14,Debugging,09:48:13,09:52:19
S14,Evaluation,09:52:27,09:53:34
S14,Planning,09:53:48,09:56:00
S14,Monitoring,09:56:00,09:57:22
S14,Debugging,09:57:56,10:00:00
S15,Planning,09:00:13,09:01:53
S15,Monitoring,09:02:10,09:02:59
S15,Planning,09:03:29,09:05:41
S15,Debugging,09:05:41,09:08:57
S15,Monitoring,09:09:05,09:10:32
S15,Planning,09:10:32,09:13:02
S15,Monitoring,09:13:50,09:15:23
S15,Monitoring,09:16:02,09:16:43
S15,Planning,09:16:43,09:18:10
S15,Monitoring,09:18:10,09:19:17
S15,Debugging,09:19:45,09:22:19
S15,Debugging,09:22:19,09:26:32
S15,Evaluation,09:26:42,09:28:38
S15,Debugging,09:28:48,09:32:56
S15,Monitoring,09:33:31,09:34:55
S15,Evaluation,09:35:46,09:38:26
S15,Debugging,09:38:36,09:43:02
S15,Monitoring,09:43:02,09:44:36
S15,Monitoring,09:44:36,09:45:41
S15,Debugging,09:45:45,09:48:53
S15,Monitoring,09:48:53,09:49:45
S15,Debugging,09:49:45,09:51:21
S15,Monitoring,09:51:21,09:52:13
S15,Evaluation,09:52:13,09:54:05
S15,Debugging,09:54:43,09:57:42
S15,Evaluation,09:57:42,09:59:19
S16,Planning,09:00:41,09:02:08
S16,Planning,09:02:15,09:03:45
S16,Planning,09:03:54,09:06:43
S16,Debugging,09:06:43,09:08:32
S16,Help seeking,09:09:14,09:10:47
S16,Monitoring,09:11:37,09:12:23
S16,Debugging,09:12:52,09:14:57
S16,Planning,09:15:15,09:16:45
S16,Debugging,09:17:29,09:19:06
S16,Planning,09:19:06,09:21:25
S16,Debugging,09:21:25,09:24:45
S16,Monitoring,09:24:45,09:25:40
S16,Monitoring,09:25:40,09:27:07
S16,Debugging,09:27:21,09:29:40
S16,Debugging,09:30:16,09:33:33
S16,Debugging,09:34:21,09:36:28
S16,Monitoring,09:37:17,09:37:50
S16,Debugging,09:38:04,09:40:23
S16,Monitoring,09:40:23,09:40:54
S16,Debugging,09:40:54,09:43:36
S16,Monitoring,09:43:36,09:44:30
S16,Debugging,09:45:18,09:46:57
S16,Debugging,09:46:57,09:48:40
S16,Monitoring,09:49:11,09:49:50
S16,Evaluation,09:49:50,09:52:05
S16,Planning,09:52:05,09:53:55
S16,Debugging,09:54:03,09:57:55
S16,Evaluation,09:58:37,10:00:00
S17,Debugging,09:00:04,09:04:14
S17,Planning,09:04:14,09:07:11
S17,Debugging,09:07:11,09:11:29
S17,Monitoring,09:11:29,09:12:58
S17,Debugging,09:13:49,09:15:28
S17,Monitoring,09:15:28,09:16:32
S17,Evaluation,09:16:49,09:18:04
S17,Monitoring,09:18:04,09:18:49
S17,Debugging,09:18:49,09:22:15
S17,Planning,09:22:15,09:24:27
S17,Debugging,09:24:55,09:28:38
S17,Debugging,09:28:38,09:31:43
S17,Evaluation,09:32:05,09:33:27
S17,Debugging,09:34:03,09:36:03
S17,Debugging,09:36:45,09:40:33
S17,Debugging,09:40:33,09:44:28
S17,Monitoring,09:45:06,09:46:09
S17,Debugging,09:46:51,09:50:56
S17,Monitoring,09:51:22,09:52:18
S17,Monitoring,09:52:18,09:53:11
S17,Evaluation,09:53:52,09:55:40
S17,Evaluation,09:55:40,09:57:38
S17,Monitoring,09:58:15,09:58:59
S18,Planning,09:00:29,09:03:00
S18,Planning,09:03:51,09:05:21
S18,Planning,09:06:03,09:07:45
S18,Debugging,09:07:45,09:09:27
S18,Planning,09:09:39,09:10:44
S18,Planning,09:10:44,09:13:14
S18,Monitoring,09:13:30,09:14:43
S18,Debugging,09:15:32,09:19:51
S18,Monitoring,09:19:51,09:20:45
S18,Debugging,09:21:12,09:25:39
S18,Debugging,09:26:05,09:29:05
S18,Evaluation,09:29:14,09:30:37
S18,Debugging,09:30:37,09:32:37
S18,Monitoring,09:32:57,09:33:51
S18,Debugging,09:34:23,09:36:47
S18,Help seeking,09:36:47,09:38:14
S18,Debugging,09:38:19,09:42:15
S18,Evaluation,09:42:21,09:44:29
S18,Monitoring,09:44:29,09:45:42
S18,Debugging,09:45:42,09:47:51
S18,Debugging,09:47:51,09:49:58
S18,Evaluation,09:50:36,09:52:52
S18,Evaluation,09:52:52,09:54:00
S18,Monitoring,09:54:22,09:54:53
S18,Evaluation,09:54:56,09:56:44
S18,Evaluation,09:57:13,10:00:00
S19,Monitoring,09:00:27,09:01:00
S19,Planning,09:01:42,09:03:25
S19,Planning,09:03:51,09:05:07
S19,Monitoring,09:05:07,09:05:45
S19,Planning,09:06:01,09:07:27
S19,Debugging,09:07:49,09:10:40
S19,Debugging,09:11:19,09:14:56
S19,Planning,09:14:56,09:16:02
S19,Monitoring,09:16:02,09:17:11
S19,Planning,09:17:32,09:18:59
S19,Debugging,09:19:03,09:23:16
S19,Monitoring,09:23:49,09:25:00
S19,Debugging,09:25:23,09:28:36
S19,Debugging,09:28:36,09:30:11
S19,Debugging,09:31:02,09:35:02
S19,Debugging,09:35:02,09:38:01
S19,Monitoring,09:38:01,09:38:44
S19,Help seeking,09:38:44,09:39:49
S19,Evaluation,09:39:50,09:42:17
S19,Debugging,09:42:17,09:44:25
S19,Monitoring,09:45:08,09:45:47
S19,Evaluation,09:45:47,09:47:40
S19,Monitoring,09:48:11,09:48:48
S19,Debugging,09:48:48,09:51:50
S19,Debugging,09:52:30,09:55:19
S19,Debugging,09:55:24,09:58:46
S19,Evaluation,09:58:46,10:00:00
S20,Planning,09:00:39,09:03:00
S20,Evaluation,09:03:00,09:05:29
S20,Planning,09:05:36,09:07:23
S20,Debugging,09:07:32,09:11:32
S20,Monitoring,09:11:32,09:12:24
S20,Evaluation,09:13:14,09:15:56
S20,Monitoring,09:16:06,09:16:53
S20,Debugging,09:17:28,09:20:13
S20,Monitoring,09:20:13,09:20:55
S20,Debugging,09:21:39,09:25:21
S20,Monitoring,09:25:21,09:25:55
S20,Evaluation,09:26:34,09:27:57
S20,Debugging,09:27:57,09:32:18
S20,Planning,09:32:40,09:34:44
S20,Planning,09:35:16,09:38:00
S20,Debugging,09:38:04,09:40:02
S20,Help seeking,09:40:02,09:40:57
S20,Monitoring,09:40:57,09:42:26
S20,Monitoring,09:42:26,09:43:42
S20,Monitoring,09:43:53,09:45:11
S20,Monitoring,09:45:57,09:47:19
S20,Planning,09:47:19,09:49:27
S20,Evaluation,09:50:17,09:51:32
S20,Evaluation,09:51:32,09:53:25
S20,Monitoring,09:53:25,09:54:19
S20,Debugging,09:54:48,09:57:39
S20,Evaluation,09:57:39,09:59:23
S21,Planning,09:00:24,09:01:40
S21,Debugging,09:01:40,09:04:52
S21,Planning,09:04:52,09:07:06
S21,Monitoring,09:07:28,09:08:35
S21,Help seeking,09:08:35,09:09:41
S21,Planning,09:10:13,09:12:38
S21,Evaluation,09:12:38,09:13:54
S21,Planning,09:14:42,09:17:11
S21,Debugging,09:17:36,09:21:45
S21,Monitoring,09:21:45,09:23:17
S21,Debugging,09:23:17,09:26:04
S21,Debugging,09:26:33,09:30:47
S21,Monitoring,09:31:16,09:31:53
S21,Monitoring,09:31:55,09:32:59
S21,Monitoring,09:33:53,09:34:28
S21,Debugging,09:35:10,09:39:17
S21,Evaluation,09:39:31,09:40:59
S21,Monitoring,09:40:59,09:41:30
S21,Monitoring,09:42:04,09:43:15
S21,Debugging,09:44:04,09:46:10
S21,Monitoring,09:46:10,09:47:05
S21,Debugging,09:47:05,09:50:39
S21,Evaluation,09:50:39,09:53:28
S21,Planning,09:53:57,09:55:40
S21,Evaluation,09:56:28,09:58:16
S21,Monitoring,09:58:39,09:59:17
S22,Monitoring,09:00:35,09:01:17
S22,Planning,09:01:17,09:02:27
S22,Monitoring,09:02:27,09:03:27
S22,Planning,09:03:32,09:06:09
S22,Monitoring,09:06:09,09:07:02
S22,Planning,09:07:56,09:09:26
S22,Planning,09:10:07,09:11:19
S22,Debugging,09:11:19,09:15:02
S22,Planning,09:15:02,09:17:15
S22,Monitoring,09:17:15,09:18:17
S22,Planning,09:18:30,09:20:37
S22,Evaluation,09:20:37,09:23:06
S22,Monitoring,09:23:50,09:24:21
S22,Debugging,09:24:21,09:28:29
S22,Help seeking,09:29:07,09:29:59
S22,Debugging,09:29:59,09:31:48
S22,Help seeking,09:32:07,09:33:53
S22,Monitoring,09:33:53,09:34:39
S22,Debugging,09:34:39,09:37:43
S22,Help seeking,09:37:43,09:39:00
S22,Planning,09:39:07,09:41:48
S22,Help seeking,09:42:07,09:43:17
S22,Evaluation,09:43:17,09:45:38
S22,Debugging,09:46:12,09:49:48
S22,Planning,09:49:52,09:51:52
S22,Monitoring,09:52:12,09:52:54
S22,Evaluation,09:52:54,09:54:18
S22,Evaluation,09:54:18,09:56:21
S22,Monitoring,09:56:34,09:57:42
S22,Monitoring,09:57:42,09:58:36
S23,Planning,09:00:27,09:03:15
S23,Planning,09:03:56,09:05:34
S23,Planning,09:06:27,09:07:55
S23,Evaluation,09:07:59,09:10:51
S23,Debugging,09:10:51,09:14:51
S23,Planning,09:15:35,09:17:36
S23,Debugging,09:17:55,09:21:25
S23,Help seeking,09:21:34,09:22:17
S23,Debugging,09:22:17,09:26:16
S23,Debugging,09:26:16,09:28:57
S23,Debugging,09:28:57,09:32:17
S23,Help seeking,09:32:17,09:33:31
S23,Planning,09:33:31,09:35:37
S23,Debugging,09:35:56,09:37:31
S23,Debugging,09:37:31,09:41:07
S23,Help seeking,09:41:26,09:43:12
S23,Monitoring,09:43:45,09:44:16
S23,Planning,09:45:09,09:46:52
S23,Monitoring,09:46:52,09:47:30
S23,Planning,09:47:33,09:50:12
S23,Evaluation,09:51:00,09:53:24
S23,Monitoring,09:53:24,09:54:29
S23,Help seeking,09:55:06,09:55:44
S23,Evaluation,09:55:44,09:57:27
S23,Monitoring,09:57:27,09:58:39
S24,Planning,09:00:07,09:01:37
S24,Debugging,09:01:40,09:05:07
S24,Monitoring,09:05:44,09:07:09
S24,Planning,09:07:09,09:09:18
S24,Monitoring,09:09:18,09:10:43
S24,Planning,09:10:43,09:12:15
S24,Debugging,09:12:15,09:13:45
S24,Planning,09:14:08,09:16:21
S24,Monitoring,09:16:21,09:17:34
S24,Evaluation,09:18:12,09:20:18
S24,Debugging,09:20:18,09:23:11
S24,Monitoring,09:23:54,09:25:12
S24,Debugging,09:25:21,09:28:44
S24,Monitoring,09:28:48,09:30:05
S24,Debugging,09:30:43,09:34:15
S24,Debugging,09:34:50,09:39:00
S24,Monitoring,09:39:00,09:40:30
S24,Help seeking,09:41:09,09:42:43
S24,Debugging,09:43:03,09:46:36
S24,Evaluation,09:47:22,09:49:38
S24,Evaluation,09:50:11,09:52:13
S24,Monitoring,09:52:13,09:52:47
S24,Evaluation,09:53:23,09:55:23
S24,Evaluation,09:55:42,09:56:55
S24,Evaluation,09:56:55,09:58:49
S25,Planning,09:00:27,09:01:42
S25,Planning,09:02:29,09:03:34
S25,Monitoring,09:04:23,09:05:46
S25,Planning,09:05:46,09:08:42
S25,Planning,09:08:42,09:10:27
S25,Debugging,09:10:27,09:13:42
S25,Monitoring,09:13:42,09:14:25
S25,Monitoring,09:14:42,09:15:14
S25,Monitoring,09:15:24,09:15:59
S25,Evaluation,09:15:59,09:18:25
S25,Debugging,09:18:25,09:21:21
S25,Planning,09:21:21,09:23:25
S25,Debugging,09:23:51,09:27:45
S25,Planning,09:28:16,09:30:47
S25,Debugging,09:30:47,09:33:05
S25,Monitoring,09:33:41,09:34:15
S25,Debugging,09:34:15,09:38:12
S25,Help seeking,09:38:46,09:40:12
S25,Help seeking,09:40:12,09:41:35
S25,Monitoring,09:42:04,09:43:25
S25,Evaluation,09:44:10,09:45:31
S25,Debugging,09:45:32,09:48:40
S25,Monitoring,09:48:53,09:50:22
S25,Evaluation,09:50:22,09:52:37
S25,Monitoring,09:53:28,09:54:53
S25,Evaluation,09:54:53,09:57:19
S25,Monitoring,09:57:36,09:59:11
S26,Planning,09:00:22,09:02:56
S26,Monitoring,09:03:39,09:04:59
S26,Debugging,09:05:03,09:09:28
S26,Planning,09:10:10,09:12:24
S26,Debugging,09:13:04,09:15:59
S26,Help seeking,09:16:06,09:17:38
S26,Debugging,09:17:39,09:20:22
S26,Evaluation,09:20:22,09:23:12
S26,Debugging,09:23:55,09:26:24
S26,Debugging,09:26:24,09:29:38
S26,Evaluation,09:29:38,09:31:00
S26,Debugging,09:31:00,09:33:27
S26,Debugging,09:33:47,09:37:51
S26,Evaluation,09:38:06,09:40:12
S26,Debugging,09:40:35,09:43:20
S26,Monitoring,09:43:51,09:44:42
S26,Evaluation,09:44:50,09:47:12
S26,Debugging,09:47:34,09:51:25
S26,Debugging,09:51:25,09:55:37
S26,Monitoring,09:55:37,09:56:23
S26,Debugging,09:57:04,09:59:36
S27,Help seeking,09:00:35,09:01:32
S27,Planning,09:01:32,09:03:33
S27,Monitoring,09:03:53,09:04:32
S27,Planning,09:04:32,09:07:15
S27,Monitoring,09:07:57,09:08:40
S27,Planning,09:08:55,09:10:10
S27,Debugging,09:10:10,09:13:39
S27,Planning,09:14:22,09:17:13
S27,Monitoring,09:17:13,09:17:46
S27,Planning,09:17:46,09:19:15
S27,Debugging,09:19:15,09:22:39
S27,Debugging,09:22:39,09:26:26
S27,Evaluation,09:27:11,09:28:15
S27,Debugging,09:28:29,09:32:15
S27,Evaluation,09:32:15,09:34:48
S27,Debugging,09:34:48,09:38:31
S27,Debugging,09:38:31,09:40:51
S27,Help seeking,09:41:41,09:43:01
S27,Monitoring,09:43:01,09:43:53
S27,Debugging,09:43:57,09:46:33
S27,Monitoring,09:46:51,09:48:20
S27,Evaluation,09:48:54,09:51:39
S27,Evaluation,09:52:26,09:54:55
S27,Planning,09:54:55,09:55:57
S27,Evaluation,09:55:57,09:58:46
S27,Monitoring,09:58:46,09:59:27
S28,Planning,09:00:04,09:01:29
S28,Planning,09:01:29,09:04:10
S28,Debugging,09:04:29,09:07:42
S28,Monitoring,09:08:16,09:09:10
S28,Debugging,09:09:16,09:12:28
S28,Planning,09:13:16,09:15:09
S28,Evaluation,09:15:10,09:16:11
S28,Monitoring,09:16:48,09:17:28
S28,Help seeking,09:17:28,09:18:31
S28,Planning,09:18:31,09:20:49
S28,Planning,09:20:49,09:23:39
S28,Debugging,09:23:39,09:27:33
S28,Debugging,09:27:33,09:30:52
S28,Monitoring,09:31:33,09:32:19
S28,Debugging,09:32:34,09:35:26
S28,Debugging,09:35:26,09:38:16
S28,Monitoring,09:38:22,09:39:37
S28,Planning,09:40:15,09:41:45
S28,Evaluation,09:42:00,09:44:32
S28,Debugging,09:44:32,09:47:18
S28,Evaluation,09:48:10,09:50:07
S28,Debugging,09:50:07,09:52:20
S28,Help seeking,09:52:20,09:53:15
S28,Monitoring,09:53:15,09:54:07
S28,Evaluation,09:54:42,09:56:08
S28,Debugging,09:57:01,10:00:00
S29,Planning,09:00:01,09:01:12
S29,Monitoring,09:01:45,09:03:16
S29,Planning,09:03:33,09:04:49
S29,Help seeking,09:05:32,09:07:14
S29,Monitoring,09:07:14,09:08:04
S29,Debugging,09:08:04,09:11:23
S29,Monitoring,09:11:23,09:12:08
S29,Debugging,09:12:49,09:15:10
S29,Monitoring,09:15:10,09:15:57
S29,Planning,09:15:57,09:18:52
S29,Debugging,09:19:42,09:21:39
S29,Evaluation,09:22:10,09:24:53
S29,Help seeking,09:24:53,09:26:03
S29,Monitoring,09:26:38,09:28:04
S29,Debugging,09:28:04,09:29:38
S29,Monitoring,09:29:38,09:30:40
S29,Debugging,09:30:40,09:34:42
S29,Planning,09:34:42,09:37:39
S29,Monitoring,09:37:46,09:38:49
S29,Help seeking,09:38:49,09:39:41
S29,Debugging,09:40:14,09:44:01
S29,Planning,09:44:01,09:46:23
S29,Monitoring,09:46:23,09:47:02
S29,Monitoring,09:47:02,09:47:59
S29,Debugging,09:47:59,09:49:41
S29,Evaluation,09:49:44,09:50:49
S29,Monitoring,09:50:49,09:52:18
S29,Debugging,09:52:18,09:55:27
S29,Monitoring,09:55:27,09:56:24
S29,Debugging,09:56:27,09:58:01
S29,Evaluation,09:58:01,09:59:12
S30,Monitoring,09:00:14,09:01:03
S30,Debugging,09:01:03,09:04:38
S30,Evaluation,09:05:28,09:07:17
S30,Planning,09:07:57,09:10:18
S30,Monitoring,09:10:31,09:11:04
S30,Planning,09:11:04,09:13:06
S30,Debugging,09:13:40,09:17:24
S30,Debugging,09:17:24,09:21:15
S30,Monitoring,09:21:28,09:22:04
S30,Planning,09:22:04,09:24:38
S30,Monitoring,09:24:38,09:25:45
S30,Debugging,09:25:45,09:27:39
S30,Debugging,09:28:20,09:32:48
S30,Monitoring,09:33:16,09:34:15
S30,Help seeking,09:35:03,09:36:24
S30,Planning,09:36:55,09:39:17
S30,Planning,09:39:26,09:40:47
S30,Monitoring,09:40:47,09:41:47
S30,Evaluation,09:41:47,09:43:22
S30,Debugging,09:43:55,09:45:32
S30,Evaluation,09:45:32,09:47:17
S30,Debugging,09:48:03,09:51:26
S30,Monitoring,09:51:51,09:52:22
S30,Debugging,09:52:22,09:53:53
S30,Evaluation,09:53:53,09:55:29
S30,Debugging,09:55:29,09:59:41
